{
    "birmingham_block_8": 5.1399993896484375,
    "cambridge_block_16": 29.349998474121094,
    "birmingham_block_2": 3.3899993896484375,
    "cambridge_block_27": 29.94999885559082,
    "cambridge_block_22": 29.419998168945312,
    "cambridge_block_15": 31.669998168945312,
    "cambridge_block_13": 35.87999725341797,
    "birmingham_block_11": 5.1100006103515625,
    "cambridge_block_21": 31.42999839782715,
    "birmingham_block_5": 2.970001220703125,
    "cambridge_block_18": 37.79999923706055,
    "birmingham_block_3": 8.0,
    "cambridge_block_26": 37.47999954223633,
    "cambridge_block_4": 36.459999084472656,
    "cambridge_block_3": 31.59000015258789,
    "cambridge_block_17": 33.72999954223633,
    "birmingham_block_1": 6.1300048828125,
    "birmingham_block_0": 13.139999389648438,
    "birmingham_block_4": 5.459999084472656,
    "cambridge_block_23": 33.72999954223633,
    "cambridge_block_25": 38.52000045776367,
    "birmingham_block_9": 3.9300003051757812,
    "cambridge_block_8": 33.37999725341797,
    "cambridge_block_9": 31.169998168945312,
    "cambridge_block_7": 30.92999839782715,
    "cambridge_block_20": 36.0,
    "cambridge_block_28": 28.969999313354492,
    "birmingham_block_12": 3.5500030517578125,
    "cambridge_block_32": 36.94999694824219,
    "birmingham_block_7": 6.2700042724609375,
    "cambridge_block_14": 33.79999923706055,
    "birmingham_block_6": 2.80999755859375,
    "cambridge_block_33": 33.40999984741211,
    "cambridge_block_19": 37.39999771118164,
    "cambridge_block_2": 31.399999618530273,
    "cambridge_block_12": 35.5099983215332,
    "birmingham_block_13": 4.94000244140625,
    "cambridge_block_6": 31.399999618530273,
    "birmingham_block_10": 4.540000915527344,
    "cambridge_block_10": 29.989999771118164
}